emp_id,name,dept_id,manager_id,salary,hire_date
1,Minjun,10,,11100,2019-12-21
2,Seoyeon,20,,10600,2018-01-12
3,Jiho,30,,11300,2019-11-07
4,Hayoon,40,,10000,2018-02-05
5,Doyun,50,,11600,2018-05-18
6,Seoa,60,,10500,2018-08-29
7,Eunwoo,20,2,6400,2022-10-24
8,Jiwoo,30,3,6200,2023-12-14
9,Siwoo,40,4,7800,2019-02-08
10,Haeun,50,5,4300,2021-01-03
11,Junseo,60,6,4900,2020-01-30
12,Yerin,10,1,4200,2022-01-07
13,Hajun,20,2,7300,2023-04-10
14,Sua,30,3,7700,2022-08-13
15,Yejun,40,4,6100,2019-07-09
16,Chaewon,50,5,8400,2019-12-04
17,Juwon,60,6,8100,2024-10-27
18,Jia,10,1,5600,2022-12-26
19,Gunwoo,20,2,7600,2024-05-21
20,Dain,30,3,6400,2019-02-28
21,Woojin,40,4,5600,2023-01-23
22,Subin,50,5,4200,2020-11-12
23,Hyunwoo,60,6,7300,2022-05-23
24,Yuna,10,1,4200,2022-09-08
25,Taeyang,20,2,7800,2020-11-16
26,Somin,30,3,7700,2022-01-22
27,Jaewon,40,4,6700,2019-10-02
28,Nari,50,5,5500,2023-07-01
29,Sungmin,60,6,5200,2019-09-01
30,Bora,10,1,4600,2021-02-25
31,Kyungho,20,2,7900,2023-05-18
32,Mina,30,3,5600,2020-10-04
33,Donghyun,40,4,6100,2019-11-23
34,Hyejin,50,5,6100,2024-05-02
35,Sangwoo,60,6,6100,2021-05-09
36,Eunji,10,1,7300,2025-03-30
37,Youngjae,20,2,4200,2022-03-22
38,Sora,30,3,6800,2025-02-25
39,Jinho,40,4,6500,2022-09-08
40,Ara,50,5,5300,2022-01-14
41,Hanbit,,,3900,2025-11-03
